{"cameraMode":{"drawMode":0,"name":"Shaded","section":"Shading Mode"},"sceneLighting":true,"audioPlay":false,"sceneViewState":{"m_AlwaysRefresh":false,"showFog":true,"showSkybox":true,"showFlares":true,"showImageEffects":true,"showParticleSystems":true,"showVisualEffectGraphs":true,"m_FxEnabled":true},"in2DMode":false,"pivot":{"x":-3.911325216293335,"y":-0.46987995505332949,"z":4.212114334106445},"rotation":{"x":0.15217548608779908,"y":-0.33206748962402346,"z":0.05437235161662102,"w":0.9293068051338196},"size":12.942183494567871,"orthographic":false}