{"cameraMode":{"drawMode":0,"name":"Shaded","section":"Shading Mode"},"sceneLighting":false,"audioPlay":false,"sceneViewState":{"m_AlwaysRefresh":false,"showFog":true,"showSkybox":false,"showFlares":true,"showImageEffects":true,"showParticleSystems":true,"showVisualEffectGraphs":true,"m_FxEnabled":true},"in2DMode":false,"pivot":{"x":12.927703857421875,"y":0.21221154928207398,"z":10.994982719421387},"rotation":{"x":0.008702547289431095,"y":0.2551371157169342,"z":-0.0022947711404412987,"w":0.9668617248535156},"size":0.8144851326942444,"orthographic":false}