{"cameraMode":{"drawMode":0,"name":"Shaded","section":"Shading Mode"},"sceneLighting":false,"audioPlay":false,"sceneViewState":{"m_AlwaysRefresh":false,"showFog":true,"showSkybox":false,"showFlares":true,"showImageEffects":true,"showParticleSystems":true,"showVisualEffectGraphs":true,"m_FxEnabled":true},"in2DMode":false,"pivot":{"x":-11.924054145812989,"y":2.0339274406433107,"z":22.692289352416993},"rotation":{"x":0.13632416725158692,"y":0.4418594539165497,"z":-0.06813659518957138,"w":0.884043276309967},"size":1.2460345029830933,"orthographic":false}