{"cameraMode":{"drawMode":0,"name":"Shaded","section":"Shading Mode"},"sceneLighting":false,"audioPlay":false,"sceneViewState":{"m_AlwaysRefresh":false,"showFog":true,"showSkybox":false,"showFlares":true,"showImageEffects":true,"showParticleSystems":true,"showVisualEffectGraphs":true,"m_FxEnabled":true},"in2DMode":false,"pivot":{"x":11.90073299407959,"y":2.434358835220337,"z":27.488971710205079},"rotation":{"x":-0.008175835013389588,"y":0.9575682282447815,"z":0.02729809284210205,"w":0.2867938280105591},"size":1.4210306406021119,"orthographic":false}