{"cameraMode":{"drawMode":0,"name":"Shaded","section":"Shading Mode"},"sceneLighting":false,"audioPlay":false,"sceneViewState":{"m_AlwaysRefresh":false,"showFog":true,"showSkybox":false,"showFlares":true,"showImageEffects":true,"showParticleSystems":true,"showVisualEffectGraphs":true,"m_FxEnabled":true},"in2DMode":false,"pivot":{"x":15.905856132507325,"y":-0.4695754051208496,"z":-76.8558349609375},"rotation":{"x":0.00032179124536924064,"y":0.9996731281280518,"z":-0.016496090218424798,"w":0.019496146589517595},"size":43.605342864990237,"orthographic":false}