{"cameraMode":{"drawMode":0,"name":"Shaded","section":"Shading Mode"},"sceneLighting":true,"audioPlay":false,"sceneViewState":{"m_AlwaysRefresh":false,"showFog":true,"showSkybox":true,"showFlares":true,"showImageEffects":true,"showParticleSystems":true,"showVisualEffectGraphs":true,"m_FxEnabled":true},"in2DMode":false,"pivot":{"x":0.7899999022483826,"y":2.520042657852173,"z":23.133615493774415},"rotation":{"x":0.22289541363716126,"y":0.04239111393690109,"z":-0.009700614027678967,"w":0.9738701581954956},"size":3.584557294845581,"orthographic":false}